<?xml version="1.0" encoding="UTF-8"?><idempiere Name="AD_SysConfig" Version="1.0.0" idempiereVersion="9.0.0.qualifier" DataBaseVersion="2021-12-24" Description="" Author="SuperUser" AuthorEmail="superuser @ idempiere.com" CreatedDate="Sat Aug 20 16:07:55 VET 2022" UpdatedDate="Sat Aug 20 16:07:55 VET 2022" PackOutVersion="100" UpdateDictionary="true" Client="0-SYSTEM-System" AD_Client_UU="11237b53-9592-4af1-b3c5-afd216514b5d">
    <AD_SysConfig type="table">
        <AD_Client_ID>0</AD_Client_ID>
        <AD_Org_ID>0</AD_Org_ID>
        <AD_SysConfig_ID>200021</AD_SysConfig_ID>
        <AD_Org_ID reference="id">0</AD_Org_ID>
        <IsActive>Y</IsActive>
        <Name>ZK_THEME</Name>
        <Value>frontuari</Value>
        <Description>Selected theme to use (default/frontuari)</Description>
        <EntityType>D</EntityType>
        <ConfigurationLevel>S</ConfigurationLevel>
        <AD_SysConfig_UU>054399ad-3705-411d-b79e-7ec7111888c5</AD_SysConfig_UU>
    </AD_SysConfig>
    <AD_SysConfig type="table">
        <AD_Client_ID>0</AD_Client_ID>
        <AD_Org_ID>0</AD_Org_ID>
        <AD_Org_ID reference="id">0</AD_Org_ID>
        <IsActive>Y</IsActive>
        <Name>ZK_LOGO_LARGE</Name>
        <Value>~./theme/frontuari/images/login-logo.png</Value>
        <Description>Login logo 142x133 px</Description>
        <EntityType>FTU</EntityType>
        <ConfigurationLevel>S</ConfigurationLevel>
        <AD_SysConfig_UU>8e8d5cc8-77a6-42e8-b979-191a2dc9fd6e</AD_SysConfig_UU>
    </AD_SysConfig>
    <AD_SysConfig type="table">
        <AD_Client_ID>0</AD_Client_ID>
        <AD_Org_ID>0</AD_Org_ID>
        <AD_Org_ID reference="id">0</AD_Org_ID>
        <IsActive>Y</IsActive>
        <Name>ZK_BROWSER_TITLE</Name>
        <Value>ERP iDempiere Powered By frontuari</Value>
        <Description>Show browse title on tab</Description>
        <EntityType>FTU</EntityType>
        <ConfigurationLevel>S</ConfigurationLevel>
        <AD_SysConfig_UU>8aa47b7b-4079-4930-8aac-b4ed3eb170f8</AD_SysConfig_UU>
    </AD_SysConfig>
    <AD_SysConfig type="table">
        <AD_Client_ID>0</AD_Client_ID>
        <AD_Org_ID>0</AD_Org_ID>
        <AD_Org_ID reference="id">0</AD_Org_ID>
        <IsActive>Y</IsActive>
        <Name>ZK_BROWSER_ICON</Name>
        <Value>~./theme/frontuari/images/icon.png</Value>
        <Description>show facicon to browser 16x16 px</Description>
        <EntityType>FTU</EntityType>
        <ConfigurationLevel>S</ConfigurationLevel>
        <AD_SysConfig_UU>69cfe433-394f-4602-8f09-4478bb39e336</AD_SysConfig_UU>
    </AD_SysConfig>
    <AD_SysConfig type="table">
        <AD_Client_ID>0</AD_Client_ID>
        <AD_Org_ID>0</AD_Org_ID>
        <AD_Org_ID reference="id">0</AD_Org_ID>
        <IsActive>Y</IsActive>
        <Name>ZK_LOGO_SMALL</Name>
        <Value>~./theme/frontuari/images/header-logo.png</Value>
        <Description>small logo 100x20 px</Description>
        <EntityType>FTU</EntityType>
        <ConfigurationLevel>S</ConfigurationLevel>
        <AD_SysConfig_UU>9380cde3-5245-44ea-9fbb-f517f4a8c024</AD_SysConfig_UU>
    </AD_SysConfig>
</idempiere>
